posted_at_jst,date_jst,time_jst,weekday,category,impressions,likes,like_rate,char_count,line_count,first_line,content
2025-09-25T09:00:00.000Z,2025-09-25,09:00,(木),アルゴリズム/仕様,10000,315,0.0315,1052,16,"アカウント一時定期から戻って参りました。本当にお騒がせしておりましたが、本日よりThreadsもこのアカウントで発信再開していきます！改めてよろしくお願いします✨","アカウント一時定期から戻って参りました。本当にお騒がせしておりましたが、本日よりThreadsもこのアカウントで発信再開していきます！改めてよろしくお願いします✨\nこの1週間、記憶にないぐらい色々な事が起きました。アカウント停止してから速攻でXを開始し、新アカの準備をし、3日で8000フォロワー増えました。今までお話をした事がない発信者さん達まで私をメンションしてくれ、驚きと同時に「今までの自分の発信は間違えていなかったんだ」と確信した瞬間でもありました。\n昨日インスタCEOのアダムさんからも発信がありましたが、今のインスタって本当にフォロワー数じゃないんです。大きなアカウントの私が言っても説得力ないと思いますが、でも、同じ大きさのアカウントでも、その濃さって全然違うんです。私達は日々「フォローしていないアカウントのリール」を大量に見ているんです。「フォロー」の価値が薄まり、しっかりとアルゴリズムが必要なひとに投稿を届けてくれる様になっているんです。\nだからね...\nフォロワー数はもちろん大事なんだけど、それだけを追ってはいけないんです。1万フォロワーいても、情報にしか価値をもたれていないアカウントってたくさんあって、それだとまぁ売れないんです。そしてそこからの回復って本当に難しい。フォロワー数だけを追ってしまった代償です。\n私がフォロワー数以外に指標にしているのは...\n▪ストーリー閲覧率が高く維持できているか\n▪再生数が平均数値で回っているか\nという数値はもちろんなんだけど、追加して...\n▪強い賛否が起きコメントやDMがあるか\n▪自分が競合の仮想敵にされているか\n▪でも競合がしっかり見てくれているか\n▪そして投稿や表現がパクられているか\nこれらって、普通みなさんが避ける様な事だったりしませんか？でもね、自分がこういう「新たな風」をジャンル内に持ち込めるかどうかが、求めらえるアカウントになれるかどうかの超重要ポイントなんです。\nそのためには、ブレない軸を持って。最初は伸びなかろうと、見られなかろうと、アカウント停止されようと←、絶対にブレない軸を持ってください。それが最強の差別化で、ひとが集まってくるアカウントを作る鍵です！ \nhttps://www.threads.com/@sugisan_insta_/post/DPADlU1kzNj?xmt=AQF01aMS_o0T3cPr-RsImaKT_uGcxPr_sIBFXlnPCsA_GQ"
2025-09-25T09:00:00.000Z,2025-09-25,09:00,(木),その他,6296,87,0.0138,233,5,"偽アカが暴れてます。","偽アカが暴れてます。\n私のサブ垢(一時停止中に作ったアカウント)は8000フォロワーを越えてます。それとこのアカウント以外ありません。\n質問に答えたり、LINE登録してしまった方がいる様なのでお気をつけください。\nさっさと垢BANしてよぉー！！\nhttps://www.threads.com/@sugisan_insta_/post/DPBZLJJkySu?xmt=AQF01aMS_o0T3cPr-RsImaKT_uGcxPr_sIBFXlnPCsA_GQ"
2025-09-26T09:00:00.000Z,2025-09-26,09:00,(金),リール/動画,41000,201,0.0049,1162,16,"【重要】週3投稿では伸びません","【重要】週3投稿では伸びません\n私が犯した一番の罪は「最低週3投稿」を流行させてしまった事だと思っています。あくまでも「最低ライン」として、時間が取れない方、フルタイム勤務をされている方とかでも継続できる様にそうお伝えしてきましたが、まさかこんなに多くのひとが「最低ライン」を取ると思っていませんでした。なぜか「週3投稿すれば大丈夫」にすり替わっていませんか？\nこれ超危険で理由はふたつ。\n① 質をあげない限りリーチは取れない\n伸びていくためには、まずはリーチをできる限り取らないといけないわけで、同じ質の投稿をするのであれば週3より週7の方がリーチが取れるのは至極当然。例えばめちゃくちゃクリエイティブに凝った1本でリーチを爆発的に取るリールを作るなら話は別ですが、私レベルのリールであれば平均数万再生。たまにあたって数十万再生。だったら「自分の最高質を保った状態でできる最大数を出す運用」が最適解なんです。\n② 最低ラインを取るマインドが伸びない原因\n「最低週3投稿」と言われた時に「それなら私は週7投稿して差をつけます」がすぎさんマインドです。別にすぎさんマインドになる必要はないものの、ここで「週3でいいや」って思うひとは、全てを「最低値」で取っていきます。この最低値を取るマインドで、アカウントが大量にあるインスタ戦国時代で伸びて行けるわけがありません。\nつまりね、\n「伸びる投稿頻度」なんでものは存在しないんですよ。自分の生活で「ちょっと無理してできる範囲」の中で、どう質と量のバランスを取るかをしっかり見極める事が大事なんです。\nあなたが週3投稿しかできないなら\nずば抜けた質を求めてください。\nあなたの質が高くないのであれば\nずば抜けた数をこなしてください。\n厳しく聞こえるかもしれませんが、今のままでは週3投稿頑張って継続しても「全然伸びなかった～」となるのでハッキリお伝えしておきます！でもね、運用初期は慣れない作業で時間がかかりますから仕方ないです。目標は最初の3ヶ月は週3投稿、その間に最低限の質とスピードを身に着けて、3ヶ月以降はできる限り投稿数をあげていく。ここからが勝負ですから。\n時間管理が難しい、そんな簡単にできないって方もいると思います。そこはね、もう環境の整理です。やるからにはやるんです。私がなぜ子ども2人いて、講座運営もしながら毎日投稿を続けられているのか、そのヒントは全て固定リンクから受け取れる特典で解説していますので見てください！ \n\nhttps://www.threads.com/@sugisan_insta_/post/DPCpcS2k5kp?xmt=AQF0dUDF3Fk4pi6T-rcuWPD6Vc5ZfVwr2BkzbodfEhvbpQ"
2025-09-27T09:00:00.000Z,2025-09-27,09:00,(土),リール/動画,10000,121,0.0121,831,12,"トークリールが下手なひとが多すぎる！映像や編集はすぐうまくなりますが、台本だけは本当に難しいです。思考力・情報整理力・言語力等、結構高度かつ教えるのが難しいスキルが必要になります。なので、とりあえずまずはこれからお伝えする5つの事だけはやらない様に気をつけてください！いきます！","トークリールが下手なひとが多すぎる！映像や編集はすぐうまくなりますが、台本だけは本当に難しいです。思考力・情報整理力・言語力等、結構高度かつ教えるのが難しいスキルが必要になります。なので、とりあえずまずはこれからお伝えする5つの事だけはやらない様に気をつけてください！いきます！\n① テーマがひとつに絞られていない\nメッセージとは「問題提起と解決策のセット」の事です。これがひとつづつであるべきなんですが、伝えたいメッセージが多すぎてテーマが混在しちゃっている事よくあります。リールは1分程度しかありませんから、情報を全部詰め込むのは無理です。まず伝えたいメッセージを1つ決めて、その事だけに注力して台本を書いてください。\n② 専門用語・専門知識が多すぎる\nターゲットが専門的な言葉や知識を知っている前提で使ってしまう事よくあります。どんなに素晴らしい知識でも伝わらないと意味がないのでかみ砕いていきましょう。\n③ 問題提起だけで解決策がない\n問題だけつきつけて解決に導いてあげないってちょっと意地悪ですよね。信頼も失いかねないのでしっかり解決策まで提示していきましょう。\n④ 冒頭でジャンルがわからない\n冒頭でジャンルがわからないと、離脱されるか興味のないひとまできてしまう可能性があります。なので、冒頭にジャンルがわかる様な単語をひとつでもいれましょう。私はインスタに関連するワードを入れるかインスタアイコンを入れています。\n⑤ 終わりが長すぎる\n例えば私がこのリールの最後に「このアカウントでは爆伸びするインスタ運用ノウハウを発信しているのでフォローしてくださいね！」とか入れてしまうと長いわりに離脱されるので一切不要です。\nhttps://www.threads.com/@sugisan_insta_/post/DPFWyCdEyGA?xmt=AQF0GLbC2Gc07JyGz5Z5ps3qNSMyuB1irbzXX6NX1B0Auw"
2025-09-28T09:00:00.000Z,2025-09-28,09:00,(日),自己開示/マインド,12000,106,0.0088,902,10,"100万再生を出してもあなたの夢は叶いません。","100万再生を出してもあなたの夢は叶いません。\n私は過去に運用していたアカウントで、100万再生を数本出しています。フォロワー数も1.8万人いましたが、それは今閉鎖してこのアカウントを作り直しました。その理由を解説します。\n結論、再生数だけを追った運用をしていたので使い物にならなかったからです。ちょっと考えてみてください。子どもが「ひらがなってどうやって書くの？」って聞いてきたら、まず完成系を見せて、そこから書き順とか教えていきますよね。そして必要なペンとノートを渡します。それと同じです。その「完成系」から逆算して必要な要素を見ていくんです。\nでも、私は逆算の起点を間違えたんです。私含め大半の方は「再生数」を起点にして、それを伸ばすために冒頭やテロップの入れ方を考えます。でも、私達が本当に叶えたいのはそこじゃないですよね？フォロワー数を増やす事でも、売上をあげる事でもなくて、その先にもっと叶えたい事があるはずです。\n家族とゆっくり過ごしたいとか、子どもに好きな事させてあげたい、ちょっと贅沢な暮らしがしたいとか。そこから逆算するんです。\nそのために \n必要な売上はいくらで、そのうちのいくらをインスタから稼いで、そのためにどれぐらいの集客が必要で、そのためにどれだけのLINE登録が必要で、そのためにどれぐらいの新規フォロワー数が必要か。この逆算なんですよ。\nそのために必要なリーチ数とフォロー率を獲得するために再生数があるんです。わかりますか？再生数ってめっちゃ枝葉ですよね。この逆算をせずに再生数だけを追うと、再生数だけ取れてもその先の目的までつなげる施策が何もされてないんですよ。だからここで露頭に迷い、マネタイズに繋げられません。\n逆算の起点は、インスタ外にありますよ。そこ間違えたら、結果インスタ伸びても目的が叶えられずに終わりますので注意してください。\nhttps://www.threads.com/@sugisan_insta_/post/DPH4B3LE-8l?xmt=AQF0SqvLN4ck3-Ki4R5y7iV7_mehwVu8vNMQ7Ukoig7Hcw"
2025-09-29T09:00:00.000Z,2025-09-29,09:00,(月),ストーリーズ/フィード,7224,50,0.0069,1357,25,"【すぎさんの真似はやめましょう】という話。","【すぎさんの真似はやめましょう】という話。\n超尊敬するマーケターごっちゃんの解説がわかりやすすぎます。\nマーケットインとかプロダクトアウトって言葉が難しいひともいると思うので、ごっちゃんさんの味噌汁になぞらえて、私のフォロワーさん向けに育児に例えて解説します。ちなみに門口さんもまったく同じだと思ってます。\n先に言っておきますが、難しいですがこれを理解して実践したひとから段違いの運用と集客ができます。私もこれに気づいてから変わりましたから頑張って読みましょう。いきます。\nhttps://www.threads.com/@ryouta.go/post/DPKswQME-mb\n私が一時期壁の前で椅子に座りメガネかけて手ぶり激しめでやっていた頃、本当同じ様なリールをどのジャンルでも見かけました。でもそこじゃないよって話です。この理解にはマーケットインとプロダクトアウトを理解する必要があって\n育児に例えると\nマーケットインとは：\n子どもの「やりたい！」を起点に育てる\nプロダクトアウトとは：\n親の「やってほしい！」を起点に育てる\n例えば…\n「お風呂に入ってほしい」というママの意図があるとします。でも子どもの欲は「まだ遊びたい」。\nそこで「お風呂に入ると身体が綺麗になるよ！」なんて正論を言っても響かないし、癇癪になってママもイライラするだけ。\nここで大事なのがマーケットイン。\n「遊べるよ！」と子どもの欲に寄せて伝えるんです。ただし遊ぶ場所はお風呂。\nそして実際に入った後には「お風呂さいこー！」と魅力を伝え「体が綺麗になって気持ちいいね！〇〇くんかっこよくなったね！」と親が伝えたい価値をしっかりフィードバックする。これがプロダクトアウトです。\nこの解決策がごっちゃんさんの言う「マーケットインとプロダクトアウトの重なるところ」なんです。\nここに私が「マーケティング」とかの話をほぼしない理由があります。だって私が情報を届けたいひとの頭の中に「マーケティング」なんて言葉はほぼないから。リール伸ばしたい、フォロワー増やしたい、とりあえず売上あげたい、が頭にこびりついていますから。\nぜひこの投稿とごっちゃんの投稿を見て、自分のアカウントやターゲットに当てはめてみてくださいね！難易度高いけど、超大事な話です。\nちなみに… \nこれやると「浅い話しかしてねーくせに偉そうにするな」って言われ嫌われがちです。そりゃそうですよね。だって意図的にそうしてますから。でもそういうひとってプロダクトアウトに寄りすぎて超自分目線の発信しかできないから伸びないんですよね。知識ばかりの頑固頭さんに多いです。ガミガミ母ちゃんタイプです。\nだからね、私達発信者がすべきことは、上から見下ろして上がってくるのを待つのではなくて、同じ目線にしゃがみ込み手を差し伸べて、グッと引き上げてあげる事なのですよ。実は1番優しさに溢れた辛口発信してるつもりです。\nこれ理解したら...強いぞ✨ \nhttps://www.threads.com/@sugisan_insta_/post/DPK_SfUk9UQ?xmt=AQF0knwNKI8i6OVr9utVSHiGoesEroV62Gb-75pFTfYQ6Q"
2025-09-29T09:00:00.000Z,2025-09-29,09:00,(月),アルゴリズム/仕様,5580,102,0.0183,508,4,"どんなに軸が異なろうと腹が立とうと、個人が特定される様な強い発信をする際には、その人の投稿を隅々まで見て、特典とかまで受取って、その人の真意を理解するぐらいの事はすべきです。そのうえでも人を罵るぐらい過ちがあると思うのであればしっかり名指しでやれば良いですが、そこまでやってるひとほぼいない。ひとつの投稿に腹を立ててパンチ打ってくるケースがほぼ。そんなんただ自分の器が小さいだけやで。","どんなに軸が異なろうと腹が立とうと、個人が特定される様な強い発信をする際には、その人の投稿を隅々まで見て、特典とかまで受取って、その人の真意を理解するぐらいの事はすべきです。そのうえでも人を罵るぐらい過ちがあると思うのであればしっかり名指しでやれば良いですが、そこまでやってるひとほぼいない。ひとつの投稿に腹を立ててパンチ打ってくるケースがほぼ。そんなんただ自分の器が小さいだけやで。\n軸と軸のぶつかり合いは大好きですが、この下品な罵りが入った時点で超冷めるし軽蔑します。どんなに優秀だったとしてもです。\n...とXを見て思います。Threadsは発信者間の交流が少ない分Xより遥かに平和です。そしてMetaのアルゴリズムは優秀すぎます。私のタイムラインはインスタ運用系の発信が9割ですから。Xは下世話なものばかり流れてきます。でも、文章からの学びが深いのもXな気がします。もっと両方頑張ります！\nhttps://www.threads.com/@sugisan_insta_/post/DPLiTa1E_sn?xmt=AQF0knwNKI8i6OVr9utVSHiGoesEroV62Gb-75pFTfYQ6Q"
2025-09-30T09:00:00.000Z,2025-09-30,09:00,(火),運用戦略/マネタイズ,12000,103,0.0086,904,8,"コメント誘導はしないでください。","コメント誘導はしないでください。\n先日のおさるさんの投稿、とても参考になりました！見てないひとはぜひ見てください。でも、じゃあコメント誘導をやっても良いかどうかというのは別の話で、そもそもやる必要性がないどころか「運用初期・大きくないアカウント」がやるのは危険なのでやめてください。その理由を解説します。\n確かにコメント誘導は再生数は伸びやすです。そしてフォローにもつながります。私も、過去に何度もプレゼントを受け取るためにフォローした事があります。\nでもね、じゃあそのアカウントを継続して見るかというと、見ないんですよ。もちろん、そのプレゼントが感動レベルに有益で、かつ日々の発信も超有益だったら、そのプレゼントをフックに見続ける事になるかもしれません。それができているアカウントも数個ですが知ってますし本当上手だな、と思います。でも超限られたアカウントだけです。\nまだ発信の知識・経験の浅いひとが運用初期にそんなクオリティの高いプレゼントも投稿も作れないんです。むしろそれができるなら、プレゼントなしでも伸びて売れてます。つまり、ただの『インプ稼ぎのためのコメント誘導』にしかならないんです。そしてもし\nレベルの低いアカウントの状態で万が一バズってしまいフォロワーが爆増したら、または微増でもそれが繰り返されたら、そのアカウントは内部エンゲージメントが激落ちして終わっていきます。個人の自社商品販売で、かつ数千フォロワーぐらいのアカウントがこの状態になると、もう取返しつきません。\nこれは、コメント誘導メインで伸ばしてきたアカウントと、コメント誘導をしていないアカウントの状態を見てもらうと一目瞭然です。それでもつよつよマーケティングでアカウントの弱点を補填できる場合は売れるんです。でも、個人アカウントの「発信での教育の比重が強いアカウント」でこれは絶対にやってはいけませんよ。\nhttps://www.threads.com/@sugisan_insta_/post/DPNACTSk886?xmt=AQF0vc8mDdlF4jaZgevj697WfJF4grR2I96hzFSySDLWsg"
2025-09-30T09:00:00.000Z,2025-09-30,09:00,(火),運用戦略/マネタイズ,5587,46,0.0082,691,13,"頼む、フォロワー減ってくれ！","頼む、フォロワー減ってくれ！\nみんなフォロワー減ると落ち込みますよね。でも、フォロワーが減るべきアカウントはあるので解説。超大事な事なのでフォロワーが減って凹んでいるひとは全員読んでください！ \n私の講座ではまずやってもらう事は「徹底した設計」です。\n・ ペルソナ設計\n・ コンセプト設計\n・ サービス設計\n・ アカウント設計\nやり方知りたいひとは固定ポストのリンクで解説しているのでぜひ見てやってみてくださいね。\nでね、99％のアカウントはここがちゃんとできていません。なので、私の講座でしっかり設計すると、ほぼ100％発信内容が変わっていくんです。そうすると、自然とフォロワーさんが離れていくんです。そりゃそうですよね。だって「コンセプト＝軸・主張」が変わるわけですから。\n特に元々「辞書アカウント」でノウハウばかり発信していたアカウントが教育に振り切ると確実に減ります。それが正解なんです。\n目指すべき状態は「興味度の濃いアカウント」です。いかにノウハウだけでなく、発信者の軸に興味度の高いフォロワーさんを集めておけるか。そうする事でアカウントのエンゲージメントが高くなるのです。\nそして、アカウントの歴が長くなるほどどうしてもこの濃度は薄くなっていく。だからフォロワーさんの循環が大事。自信の持てる軸であれば、そのまま突っ走りでOKです！\nhttps://www.threads.com/@sugisan_insta_/post/DPOFjUTk78-?xmt=AQF0vc8mDdlF4jaZgevj697WfJF4grR2I96hzFSySDLWsg"
2025-10-01T09:00:00.000Z,2025-10-01,09:00,(水),運用戦略/マネタイズ,6172,125,0.0203,437,9,"高額講座に入り2ヵ月で収益ゼロ","高額講座に入り2ヵ月で収益ゼロ\nそこから正しいやり方で副業成功\nみんなにこんな経験してほしくない\nだから私の失敗談を書きました\n正しい副業をしたいひとはぜひ！\n→ note販売✨(アイコンはイラスト)\nあなたの間違いは高額講座に入る以前の問題で、2カ月で収益があがるという甘い思考です。そして自分がたいして成果も出していないのに「低単価なら良いだろう」という舐めた思考です。さらにどこかのスクールのテンプレを利用し、学びもせず他責思考で一発売れれば良いだろうという幼稚な思考です。そこに群がる同調コメントも又聞きに群がるただのミーハーダサダサ思考です。\n最近こういうの溢れていて嫌ですね。安かろうと高かろうと自分の商品には信念や理念を強く持て。\nhttps://www.threads.com/@sugisan_insta_/post/DPQHCKGE-r1?xmt=AQF0o4fyvaZdpGfI2vqZ1zC2W35vSvoW92f2ZU6L491zdQ"
2025-10-01T09:00:00.000Z,2025-10-01,09:00,(水),自己開示/マインド,50000,648,0.0130,1393,10,"我が家のパパは、5年前に無職になりました。","我が家のパパは、5年前に無職になりました。\n観光系の仕事をしていたため、コロナの影響で失業。その頃育休中だった私の手取りは15万円程度。家賃払ったらもう手元にほぼなにも残らず、貯金切り崩して家族3人生きてました。外国籍のパパはそう簡単に仕事が見つからず、精神的に病んでしまい、私が大黒柱として働く事になりました。役職手当、残業手当、資格手当、もらえるものは全てもらおうと必死に働いて、朝は7時には家を出て、帰りは23時。娘の顔は週末しか見れない時もありました。寝顔を見ながら、何度泣いたかわかりません。今でもあの時の暮らしを思うと泣けます。その時長女は1歳でした。\nお金もない、時間もない状況で、正直記憶がないんですよね。働いている時間はたぶん今と変わらないんですけど、その時は本当にただ「必死にお金を稼ぐ」だけで、仕事が楽しいとか考える余裕もありませんでした。でも徐々にお給料があがっていき、パパも元気になり働ける様になり、そしてインスタを始めて今に至るわけです。次女も生まれ、生活はかなり楽になりました。\nでね、娘が3歳からずーーーーっと言っていたのが「ディズニーランドのホテルに泊まりたい」だったんです。でももちろん前はそんなお金なくて旅行さえ行けなかったし、インスタ始めてからは時間が取れなくて行けなかったんです。だからディズニーストアとか行ってごまかしてました(笑)\nでもね、来週...行ってきます。泊まりディズニー！たぶん、たかだかディズニーなんですよ。今なら余裕で払えるから「すごい事！」ってわけでもないんです。でも、我が家にとっては家族全員で泣いちゃうぐらい大きな出来事なんです。どんなに良い家に住むよりも、良い時計を買うよりも、一番叶えたかった夢なんです。良い部屋取っちゃったんだから。あー自分頑張った。\nインスタを見てるとさ... \n「家族との時間を犠牲にしてまでやりたいの？」みたいなの見かけますよね。私、それ見る度に心痛くなるんですよ。私はあの頃、そうするしかなかったから。でもね、今は違うんです。時間は相変わらずないけど、でも私からすると、毎日娘達の顔が見れて、一緒にご飯が食べれて、週末1日でも一緒に過ごせる。そして、自分がやりたい事ができている今が本当に幸せなんですよね。\n起業をしたり、インスタを頑張ると、絶対に子どもとの時間って減るんです。でも、じゃあ何時間子どもと一緒に過ごしたら正解？子どもがどうなったら「子どもに我慢させていない」とか「子どもを犠牲にしていない」って言い切れる？そんなのね、どんな形だって無理なんです。母親が子どもに罪悪感を感じるのなんて当たり前。でもね、起業するって決めたなら、その罪悪感も受け入れていくんです。その分、それを糧に頑張る。そして、その結果を家族に還元していく。それがみんながハッピーになる唯一の道です。\n現在20:30、私は今までカフェで仕事をしていて、パパがワンオペで頑張っています。これから家に帰り、娘達を寝かしつけて今日はまだ仕事です。これが我が家の最高なスタイルです！ \n\nhttps://www.threads.com/@sugisan_insta_/post/DPQ-qhXE30M?xmt=AQF0dI44mFs1U9MY2k4RpGeXUhUdMgM_h183w8l7M-cRvQ"
2025-10-02T09:00:00.000Z,2025-10-02,09:00,(木),ストーリーズ/フィード,11000,61,0.0055,1074,15,"インスタの4つの機能についてま～だ理解していないひとがいるので全て解説していきます。長くなりますがこれ理解すればアカウントの質ぐん！っとあがりますから必読です。","インスタの4つの機能についてま～だ理解していないひとがいるので全て解説していきます。長くなりますがこれ理解すればアカウントの質ぐん！っとあがりますから必読です。\nインスタには全部で4つの機能がありますが\n▪リール\n▪フォード\n▪ストーリー\n▪ライブ\nそれぞれに明確な目的があって、それを意識せずに運用するとチグハグな運用になり集客に繋がりません。ひとつづつ解説していきます。\n① リールとフィード\nこれらは「チラシ」と同じです。つまり目的は「認知」です。まだお店を知らないひとにどんなお店なのか、どんな商品が陳列されているのかを伝えるんです。だからこそ、これらは「自分を一切知らないひとが見ている」という前提で作っていく必要があります。冒頭でターゲットを明確にする事、基本的にはその1本で完結する事、専門的すぎる内容にならない事等を意識していく事で、チラシを受け取ってもらいやすくなります。最新のリール攻略は固定ポストで解説しているのでそれ見て投稿すればOKです。\n② ストーリー\nこれは「接客やポップ」と同じです。つまり目的は「興味・関心」です。ストーリーはアカウントに訪れてくれたひとにしか見れません。もう店内に来てくれたひとに対し、ポップや接客で商品の魅力を伝える事で、興味や関心を得る事ができる様になります。そのためには、リールでは伝えきれないもっと深い話や、発信者自身について伝えていく事で、より興味が深くなっていきます。 \n③ ライブ\nこれは「試食」みたいなものです。つまり目的は「信頼」です。ライブは、リールやストーリーと比にならないほどの情報量です。しかもその場で話をしていくのでより人間性や知識レベルが伝わっていきます。つまり、自分の商品の一部を見せている様なものです。しっかりと信頼できる発信者である事、そして良い商品を想像させる様なライブができると商品購入に繋がっていきます。\nこの認知から信頼までの一連の流れが綺麗に線で繋がれば、あとは自分の決めた形で集客につなげていけばよいんです。インスタが強いのって、この色々な機能を活用してこのステップをじっくりを踏んでいく事ができるからなんです。すぐに100％理解はできなくても意識して運用するだけで結果までのスピードが全然変わってきますよ！\nhttps://www.threads.com/@sugisan_insta_/post/DPTPcNKE1TS?xmt=AQF0dI44mFs1U9MY2k4RpGeXUhUdMgM_h183w8l7M-cRvQ"
2025-10-03T09:00:00.000Z,2025-10-03,09:00,(金),アルゴリズム/仕様,21000,154,0.0073,2012,17,"9月からアルゴリズムの変更でリールの再生数がガタ落ちしているアカウントが出てきておりまして、このままだとインスタやめちゃうんじゃないかと心配しています。でもこれアルゴリズムのせいではなくて今までの運用のせいなんですよね。毎日100アカウント以上見ていて気付いた特徴と改善策をお伝えしますので、まずはこれを試してみてください。","9月からアルゴリズムの変更でリールの再生数がガタ落ちしているアカウントが出てきておりまして、このままだとインスタやめちゃうんじゃないかと心配しています。でもこれアルゴリズムのせいではなくて今までの運用のせいなんですよね。毎日100アカウント以上見ていて気付いた特徴と改善策をお伝えしますので、まずはこれを試してみてください。\nそもそもインスタのアルゴリズムを理解してほしいんですが、私達は【内部エンゲージメント】と【外部エンゲージメント】というものの両方を大事にする必要があるんです。エンゲージメントとは「再生時間・シェア・いいね」等ではかられ、内部エンゲとはフォロワーさんからの評価の事で、外部エンゲとはフォロワー外からの評価の事です。\nそして今、再生数がガタ落ちしているアカウントの特徴は「内部エンゲ激低のアカウント」です。つまり、フォロワー内からまったく評価を得る事ができていないアカウント達の外部流出が激減し、再生数がガタ落ちしているんです。こうなる要因のひとつが、外部エンゲばかり気にして目先だけの運用をしてきた結果です。\nつまり、内部エンゲージメントをいかにあげていけるかが鍵なんですが、そのためにできる事をお伝えします。これ「すでに落ちているひと」だけじゃなくて「これから落としたくないひと」にも大事なポイントなので対策としてもやった方が良いですよ。ちょっと大変ではありますが、生き返らせたいなら必須です。5ついきます。\n①ストーリーに力を入れる\nリールは外部に出ていくのに対し、ストーリーというのはフォロワーさんにだけ表示される機能です。つまり、内部エンゲをあげる超大事な機能です。ここでいかにフォロワーさんに向けて価値提供をしコミュニケーションを取るか。そして見てくれる層を広げるか(=閲覧率をあげる)が超重要です。見せかけのフォロワーではなく「興味度の高いフォロワー」をいかに増やし、興味を高めてもらい、リールを見てもらい、そこでも反応をもらうかが重要です。\n②コンセプト・サービスを見直す\n内部エンゲが低くなっているひとのほとんどが目先のリーチに走っています。そして、コンセプトやサービスがおざなりになり、最終熱量のないアカウントになります。内部エンゲをあげるために大事な事は「見続けてもらう事」です。でも、ノウハウなんて正直3ヶ月も見ればだいたい全部言い切ってます。それでも見続けてもらう理由は「コンセプトに共感しているから」とか「いつかサービスを購入したい」と思っているからです。これずっと固定ポストでやり方解説してるのにやってくれるひとめちゃくちゃ少なくて悲しい。\n③露出を増やす\n内部エンゲを取り戻すには、見ていないフォロワーさんを減らすか、見てくれるフォロワーさんを増やすしかありません。ある程度はフォロワー削除で対応できても、数千フォロワーのアカウントになったら限界があります。なので、新規フォロワーをつけていくしかありません。リールの投稿頻度を増やし、リサーチベースでリーチを狙ったキラーコンテンツを見つけつつ、フォロー率があがりすぎないようにコントロールする教育リールも織り交ぜていきましょう。またThreadsも強化し、別経路からの集客もしっかりやっていきましょう。\n④導線の見直し\nこのタイミングで見たい指標は「再生数」でも「フォロワー数」でもなく「リード数(LINEへの登録数)」と「集客数」です。この状態のアカウントが爆発的に一気に伸びる事は考えづらく、でも発信を見直していく事で少数でも新規フォロワーがつき、さらに休眠フォロワーの呼び起こしができ、しっかり集客にはつながっていくからです。でもこの「目先指向」で作られたアカウントはだいたいここの思考が弱いです。ここはインスタの見方の変更が超重要です。難しいポイントだけど大事。\n最後⇩\n⑤リーチを狙いすぎない\nアカウントに勢いをつけるために、ある程度リーチを狙うんです。でも、そこを狙いすぎてはまた同じことになります。例えばコメント誘導・〇〇ルーティンみたいなコンテンツに「伸びやすい」という理由で食いつくのはまた「目先指向」になってしまっています。一貫性は保ちつつ、リサーチで需要の把握と伸びやすい冒頭や構成を知り、あとはひたすらPDCAを繰り返す。そうするとどこかで伸びるリールが出てくる、が理想です。\nこれ全部やってもまったく再起できない＆内部エンゲが落ちたままの場合、アカウントの作り直しも検討するかもしません。でもね、まだまだできる事山ほどあるから。まずはひとつづつコツコツと。\nhttps://www.threads.com/@sugisan_insta_/post/DPUqdoAE4zD?xmt=AQF0n5hnoNxLIyYpM920heBaGkyGfTgZTbSuE1w57SCVaA"
2025-10-03T09:00:00.000Z,2025-10-03,09:00,(金),自己開示/マインド,6674,156,0.0234,599,12,"ママが起業とか無理ゲーです。","ママが起業とか無理ゲーです。\n今すぐ諦めましょう。\n・6時～9時：家事育児時間\n・18時～22時：家事育児時間\nこれだけで1日7時間、週50時間、作業できる時間に差がつくんです。それで同じ土俵で戦っていくって無理に決まってませんか？だから、私達はいかに「悩まずに突き進むか」が大事なんです。その割に、ママは余計に悩み、時間を使いすぎているんです。\n自分なんかで良いのかな...\nこの投稿で変に思われないかな...\nこのフォント気に入らないな...\n自信なくなってきたな...\nやめようかな...\nそんな事に時間使ってて成果出せるわけないですから！もうね、意識的にそういう思考はゴミ箱に捨ててください。無理矢理考えない様にするんです。そして行動する。この悩みは、行動でしか消す事はできませんから。こういう事言うと「男性起業家を真似た女性起業家」みたいな事言われるんですけど、起業に男性も女性もないんだぞ！性別やママである事を言い訳にしている時点で弱いです。むしろそれを利用しまくって、自分たちの強みを最大限に活かしながら、やる事を最大限にやる！やる事は皆同じです！\nhttps://www.threads.com/@sugisan_insta_/post/DPVxBVjEzYe?xmt=AQF0nnoie3qbK7Hv6__EkpnC1gol4ox2Cn9CSjDX2iQVtw"
2025-10-04T09:00:00.000Z,2025-10-04,09:00,(土),アルゴリズム/仕様,21000,122,0.0058,1356,22,"ストーリーの連投は不要です。","ストーリーの連投は不要です。\nインスタCEOから「ストーリーを連投してもリーチが落ちるアルゴリズムではなくなった」との発表がありましたね。そうすると「ほら見ろ！連投も良かったじゃないか！大事なのは閲覧率じゃないだろ！」みたいな感じになるんですけど論点ズレすぎ。基準値低すぎ。解説していきます。 \n私は半年ほど前(フォロワー3万人頃)からストーリー閲覧率が落ち始め、それと同時にリールの再生数も以前と比べ低迷していました。ストーリーの閲覧率はアカウントの状態を示す超重要な指標です。ここが低いアカウントは内部エンゲーメントが低く、力業のバズは狙えてもリール再生数の安定はしません。\nちょっと難しい話ですが、バズから入るフォロワー層と日々の安定したリールから入るフォロワー層の「興味度の濃さ」はまったく異なるため、再生数が安定しないアカウントになると集客へは大打撃です。\nなので、閲覧率の維持は大事で、改善のために連投も1枚長文も短文も全て試し、今は常に平均の閲覧率は20％、幅は18-22%程度。最高で25％程度。おそらくこのフォロワー数の中では良い方になってきました。それと同時に感覚としてアカウントも盛り上がっていますし、再生数も持ち直してきています。\nそして、ストーリーを連投した際の閲覧率の推移は.. \n【アルゴリズム変更前】\n20％→18％→18％→17％→17％\n20％→19％→18％\n【アルゴリズム変更後】\n20％→18％→18％→17％\n18％→17％→15％\nそして1枚のストーリーは常に【18-22%】です。マジで変わらん。1枚だろうと連投を織り交ぜようとLINE流入数も変化なく、しっかり集客できています。つまりどういう事かわかります？\nアルゴリズムとか正直どうでもよくて、内容によるんですよ。これ言ったら元も子もないんですけど、でもそうなの。もしアルゴリズム変わって劇的に閲覧率変わったひといたら教えてください。今のところ周りにはゼロです。だって閲覧が上がるわけじゃないし、全てはアルゴリズムによるんじゃなくて内容によるから。\n目指すべきは... \n「閲覧率の維持」でもなく「しっかり見てもらえる事」でもなく「集客につなげる事」でもなく...\n閲覧率を高く保ちながら\n読んでタメになる\nかつ集客に繋がる\n良いストーリーをあげろ\nです。みんな閲覧率が大事だ～とか、閲覧率を気にしちゃダメだ～とか、連投なのか1枚なのか...とか言ってますけど、基準値低すぎん？全部やるんだよ！1枚でも満足してもらい、連投でも満足してもらうんだよ！その時のベストをやれるスキルをつけるんだよ！って感じです。だから別に連投してもいいししなくても良い。しても売れるししなくても売れる。でも閲覧率は高く保った方が良いに決まっている。ベストな方法は発信者とアカウントと売り方とターゲットによる。自分とアカウントとユーザーのベストを探し続けて見つけたひとが勝ちです。\nhttps://www.threads.com/@sugisan_insta_/post/DPXPdoYE0E-?xmt=AQF0nnoie3qbK7Hv6__EkpnC1gol4ox2Cn9CSjDX2iQVtw"
2025-10-05T09:00:00.000Z,2025-10-05,09:00,(日),自己開示/マインド,8173,182,0.0223,241,6,"まさかのブラトップ晒しライブスレッドが意図せず伸びすぎたのでアーカイブしました🐒たぶんすぐライブ消せたんだと思います見た方は1名のみDMいただきました、生き延びた。","まさかのブラトップ晒しライブスレッドが意図せず伸びすぎたのでアーカイブしました🐒たぶんすぐライブ消せたんだと思います見た方は1名のみDMいただきました、生き延びた。\nみなさま、いいですか。\n子どもにスマホは渡さない。\n復唱します。\n子どもにスマホは渡さない。\nhttps://www.threads.com/@sugisan_insta_/post/DPatAlgk2Tn?xmt=AQF0wHM9nJLuMGAWCAeDwOB0DfGdNQ30HP1Mki_AcWkYDA"
2025-10-06T09:00:00.000Z,2025-10-06,09:00,(月),アルゴリズム/仕様,32000,147,0.0046,1033,10,"2026年リールはオワコン化していきます。","2026年リールはオワコン化していきます。\n最近のインスタの変更を見ていれば明らかですよね。今までの様に伸びてるネタを参考にして作っても、これだけ同じ様なリールが量産されている中でもう見られません。これからのインスタで伸ばしていく勝ちリールは1つしかなくて\n完全に質勝負です。質と言うと「映像」と思いがちなんですが違いまして、これから伸びる新型リールは、とにかくペルソナの理解をしてペルソナの悩みを代弁し、本人も気づいていない問題点を認識してもらい、しっかり解決策まで解説するんです。つまり、完全にターゲットにロックオンしてそのひとにだけ打ち続けるんです。これ固定ポストから受け取れる「0→1達成徹底解説」のテキストで全て解説しているのでそれ見たひとはもうわかっているはずで、ここ理解したひとからどんどん差ついていきます。つまり、インフルエンサーの様な母数を増やした投稿はしてはいけないという事。そのために「やめるべき3つの事」をお伝えしていきます。\n① 伸ばす事をやめる\n画質や編集にこだわりすぎなんですが、90％のリールがズレているのはここで、伸ばす事だけに注力しているので伸びているリールの表面だけを真似して二番煎じになりまったく伸びなくなっていきます。大事なのはリサーチからニーズのあるネタだけを参考に、自分のターゲットに沿った解決策を提示する事。ここから始めてください。\n② アルゴリズムを追うのをやめる\n正直アルゴリズムが変わっても根本的にやらなければいけない事はまったく変わっていません。なので、最低限の情報だけ拾ってください。色々なアカウントを見ていると言ってる事が違ったり、情報過多になりますのでこのアカウントだけで大丈夫です。\n③ リサーチをやめる\nリサーチのやり方がズレてます。例えばダイエットの発信をしているひとがダイエットのアカウントを知識をつけるためにリサーチをする必要はありません。それを始めてしまうと、影響力のあるアカウントの意見に左右され、自分の意見が言えなくなります。あくまでもどんなネタが求められているのかを知りそれを自分の軸に沿って発信する事が大事ですので、リサーチは冒頭10秒見るだけでOKです！\nhttps://www.threads.com/@sugisan_insta_/post/DPchaJqEwxz?xmt=AQF0S1jtUge2V_aEHvYoSu02j2ZtCSiGzAx-q3DW-Zf25A"
2025-10-07T09:00:00.000Z,2025-10-07,09:00,(火),自己開示/マインド,7402,148,0.0200,263,3,"AIで作られたアカウントで唯一心臓鷲掴みされたアカウントはこれ。しかも私だけじゃなく娘達も大好き。全パパママ、そして子ども達のインサイトをつきまくったアカウント。あー中の人を知りたい。","AIで作られたアカウントで唯一心臓鷲掴みされたアカウントはこれ。しかも私だけじゃなく娘達も大好き。全パパママ、そして子ども達のインサイトをつきまくったアカウント。あー中の人を知りたい。\nhttps://www.threads.com/@sugisan_insta_/post/DPfUMCJk3yg/media\nhttps://www.threads.com/@sugisan_insta_/post/DPfUMCJk3yg?xmt=AQF03fhOj_7hS3PB0rZmZnvM_PHVl05VP6V5aBkHuc90HA"
2025-10-08T09:00:00.000Z,2025-10-08,09:00,(水),アルゴリズム/仕様,62000,277,0.0045,1449,16,"【超重要】インスタのアルゴリズムが変わります。先日インスタCEOが自身のアカウントで発表していたんですが、まだ正式に変更にはなっていないもののテスト導入されていて、いち早く知って対応しておけばリールの再生数爆伸びていく可能性大です。逆に知らないとどんどん落ちていくんですが、この度インスタがテスト導入する機能が、","【超重要】インスタのアルゴリズムが変わります。先日インスタCEOが自身のアカウントで発表していたんですが、まだ正式に変更にはなっていないもののテスト導入されていて、いち早く知って対応しておけばリールの再生数爆伸びていく可能性大です。逆に知らないとどんどん落ちていくんですが、この度インスタがテスト導入する機能が、\nユーザーが自分のアルゴリズムを作る事ができる機能です。つまり、興味のあるカテゴリーを選び、それに関連するリールが優先的におすすめ欄に表示される様になる機能。\nつまりどういう事かというと、今まではリールの評価が高いとどんどん広い層に届いていき、数十万再生いくと自分のジャンルにそんなに興味がない層にも届いていた、という事。今回、この機能が導入される事により、興味のないひとには表示されづらくなるのでこの広がりが少なくなる、つまり再生数が伸びづらくなる可能性が高くなります。\nそう聞くと「再生数が落ちるなんて最悪じゃん」と思いがちなんですが逆です。これが導入される事によりチャンスしかなくて、\n自分のジャンルに興味のあるひとによりしっかりと投稿が届く精度が高まる、という事です。自分のアカウントのエンゲージメント、つまり評価をさげる様な層に届かなくなるため、自然とアカウントの状態が良くなっていくんです。そうなる事で、逆にフォロワー内からのリールの評価があがり拡散される、そしてその先でも興味のあるひとだけに届いていくので評価があがる、その繰り返しでどんどん伸びていくんです。しかも届く先は興味の濃い層なのでしっかり見てくれる層という最高な流れです。\nこの変化を活かすためには届けたい層が「有益だ、また見たい」と思う様な投稿を作り続ける事、これしかありません。ゴールに連れていくために必要な情報を一貫性を持って発信し続けてください。そうすれば、しっかりと伸びて、さらに必要なひとに届いているので、しっかりと売れるアカウントになっていきます。\n一貫性を保つためにすべき事だけ最後にまとめておきますね。 \n① コンセプト設計をやる\nもうこれしつこいぐらい言っています。固定ポストのリンクから受け取れるコンセプト設計徹底解説を読んでやってください。まずはこれがないと一貫性なんて絶対に作れませんので必須です。\n② 要素分解をする\nコンセプトができたら、ターゲットを「現在地」から「ゴール」に連れていくために必要な要素を洗い出してください。例えば私の様に「インスタでゼロイチを目指す」であれば、設計・インスタ運用・集客・マインド等に分けられます。これの洗い出しです。\n③ さらに細分化する\nこれは台本やカリキュラムを作る際にやりますが、例えばインスタ運用でも「ストーリー・リール・ライブ」の様い細分化されるし、リールであれば「台本・撮影・編集」の様にさらに細分化されます。これをやりましょう。\n④ 出てきたネタを徹底的に発信\n要素分解や細分化で出てきた内容の中で、リサーチをして需要がある内容だけを徹底的に発信していってください。そうする事で、一貫性、つまりターゲットがゴールに行くために必要な情報だけで埋め尽くされ、興味のある層にバンバン届いていきます！ \nhttps://www.threads.com/@sugisan_insta_/post/DPhiXazE2LJ?xmt=AQF0907jj_anmyfI-sEJ8--IFLBQv0mqSktAhCJi27agHw"
2025-10-09T09:00:00.000Z,2025-10-09,09:00,(木),自己開示/マインド,89000,386,0.0043,989,12,"私の大嫌いな、伸びない人がする言葉","私の大嫌いな、伸びない人がする言葉\nこれ私に言ってきた人達、見事に人生楽しくなさそうです。それは...  \nすぎさんだからできたんだよね\nこれです。本当に嫌い。私留学経験があって、3か国語話せるんです。でね、ある日友人に「すぎさんだからできたんだよね。頭もいいし、お金もあるし」みたいな事言われたんですよ。「はぁ？」ってなりました。\n学生時代、みんなが遊んでいる間にバイト3つ掛け持ちして留学費用貯めて、隙間時間はすべて勉強にあててました。自分が努力しないとできない不器用なタイプだってわかっているから、人より努力したんですよ。それに向かって「あなただからできるんだよね」って、めっちゃ失礼です。\n違うよ？やったからできるんだよ？今、周りで成果をあげている人達を見てみてください。本当に「そのひとだからできた」で済ませて良いでしょうか？きっと人一番努力して学んで自分を律してきています。今もなお、です。\n人の頑張りを認められず、自分ができない言い訳に環境を使うひとはいつまで経っても状況変わりません。忙しいのなんて世の中全員一緒だし、何か新しい事始めるなら、できない事なんて今日も明日もふりかかってきます。これ言うと、 \n努力ができる事が才能だから\nとか言われます。そう思うのであれば、起業なんて目指さない方が良い。超天才を除いては、起業なんてバカみたいな努力の上でしか成り立ちません。普通のひとが自分で事業を始めてそれを継続するなんて、普通の生活を継続したままでできるわけがないんです。さらに自分で商品を作り、そこに価値をつけて販売するのであれば、その責任を果たすだけの努力をひたすらにし続ける必要があるんです。\nもちろん、ひとによって短期間でやり切るタイプのひとと、時間をかけてじっくりやるタイプのひとがいます。でも私も短期間に見えて、学生時代や会社員時代の経験が基盤を作ってきたから今があるんです。みんな同じです。\nだからね、ひとをうらやむより前に、まずは自分が動くんだ。努力が絶対成果に繋がるわけではないけど、努力なくして成果はないから。\nhttps://www.threads.com/@sugisan_insta_/post/DPkHu1Lk778?xmt=AQF02qNUGQ4k2OUmasT3J7-RU31k5Fydq8UoJI34NQstFg"
2025-10-10T09:00:00.000Z,2025-10-10,09:00,(金),リール/動画,6369,80,0.0126,1306,14,"【今年1000フォロワー目指したいひと必見】","【今年1000フォロワー目指したいひと必見】\nフォロワー1000人までのステップ完全解説します。私はこのアカウントを始めて2か月で1000フォロワー、3.5か月で10000フォロワーになりましまり1.5か月半で9000人フォロワーが増えた、という事。しかもね、一気にフォロワーが増えたにも関わらずエンゲージメント、つまりアカウントの評価は上がり続けてたんですよ。だから伸びれば伸びるほど状態が良くなってさらに伸びる、という状態。実はこれ、正しく運用すれば誰でもできるんですが、逆に運用方法間違えると例え1000フォロワーになってもその後停滞します。前提条件はプロフURLから見れますが、それを見たうえでこのステップを踏めばどこかで爆伸びしていきますのでやってください！6ステップでいきます！\n① マインドセット\nここ超重要です。これからお伝えするステップを踏めば、どのアカウントにも大小あれどどこかで「伸び期」というのが来ます。ただしそれはすぐには来ません。私は早くて2か月でしたが、通常こんなに早くくる事はなくて半年以上かかる事もあります。なので最初は「伸びない」と思ってとにかく継続する気持ちで始めてください。\n② コンセプト設計\nここ飛ばしてしまうひとが多いんですが、必ずアカウントのスタートとゴールを決めてください。どんな状態のひとを、どんなゴールまで連れていくのか。そして、そのゴールに行くために必要な要素を洗い出してください。例え伸びても状態の悪いアカウントになっていきますので必須です。\n③ ひたすら投稿\nここはもう当たり前。できるだけ投稿してください。この時期は正直何投稿しようと伸びません。でも質をあげるには量をこなさないといけないんです。なのでとにかく頑張る！でも投稿しているだけではダメで...\n④ ひたすら改善\n投稿をしながら改善をしていってください。ポイントは台本・画質・画角・演者力・編集を少しづつ改善しながら進んでください。一気に全て完璧にするのは無理なので、大事なのは焦らず一歩づつ進む事です。そうするとどこかで1つ伸びる投稿が出てきて、その数が増えていき、フォロワーが増えていくアカウントになります。\n⑤ 一貫性を保ち続ける　　　\nここがめちゃくちゃ大事です。事前にやっているコンセプト設計に沿った投稿だけをしてください。そうするとどうなるか。1つのリールに興味を持ってくれたひとが自分に有益な情報だけで埋め尽くされたアカウントに出会いフォローしてくれる様になるんです。この時にはもう投稿の質もそれなりにあがっているので、フォロー率が爆上がりフォロワーが増えるだけでなく、興味のある層だけがきてくれるのでエンゲージメントもぐんぐんあがっていきます。\nこれが、先に繋がっていく最強のアカウントの作るための1000フォロワーまでのステップです！ \nhttps://www.threads.com/@sugisan_insta_/post/DPm8u6bk4gV?xmt=AQF0KJAALf3520CRO6j-qJuOEFR4MSgIx_MOiao-hiGnOA"
2025-10-10T09:00:00.000Z,2025-10-10,09:00,(金),その他,3546,81,0.0228,481,4,"あのね、ゴリゴリ系発信者が「〇〇した方が良い」って言うと、それをやらなきゃ！と不安になるでしょ。そしてそこに対して寄り添い系発信者が「〇〇だって良いんだよ」って言うと、それでも良いんだ！って安心するでしょ。そしてどんどん自分に甘くなっていき消えていく。","あのね、ゴリゴリ系発信者が「〇〇した方が良い」って言うと、それをやらなきゃ！と不安になるでしょ。そしてそこに対して寄り添い系発信者が「〇〇だって良いんだよ」って言うと、それでも良いんだ！って安心するでしょ。そしてどんどん自分に甘くなっていき消えていく。\n伸びない理由は、発信者達の言っている事が間違えているからでも、情報過多だからでもないんです。あなた自身が自分で自分の正解を見つける力がないからなんです。誰もあなたの正解なんて持ってないから。それはたくさんある情報の取捨選択をしながら、実践しながら自分で探していくんです。\nただね、2つ選択肢があって「厳しい方」と「甘い方」の両方受け入れるキャパがあるのであれば、伸びて成果を出したいなら厳しい方にいけば良いんよ。甘い方を選ぶ人達は常にそっちにきますから...当たり前に成果は出ないのです。\nhttps://www.threads.com/@sugisan_insta_/post/DPn2OhoE6k9?xmt=AQF0KJAALf3520CRO6j-qJuOEFR4MSgIx_MOiao-hiGnOA"
2025-10-10T09:00:00.000Z,2025-10-10,09:00,(金),アルゴリズム/仕様,30000,133,0.0044,859,13,"【緊急】インスタのアルゴリズムが変わりました","【緊急】インスタのアルゴリズムが変わりました\nこれ気づいたひといますか？一昨日ぐらいから急にリールが伸びづらくなっています。リール投稿しても驚くほど伸びないです。どの発信者も総じて伸びが悪いです。原因と対策解説します。\n原因は...わかりません(笑)\nこういう時に「アルゴリズムがこう変わったから～」とかっていうのはあくまでも予測でしかなくて、公式から発表がない限り正しい原因はわからないし、アルゴリズムの微調整は常に行われているものなので考えるだけ無駄です。でも対策はあります。4ついきます。\n① 気にせずいつも通り続ける\nこういう時に焦って変な事するひといるんですけど、いつも通りで大丈夫です。自分だけがガタ落ちしていたらそれは改善すべきですが、全体的に落ちているのであればインスタ側の調整で、どこかでまた変わります。まずは焦らず変わらずいけば問題ないです。\n② 後伸びするんで気にしない\nしっかり数値見ながら継続的に運用しているとわかるんですが、今はとにかく後伸びします。2週間とか1か月後とかにまだまだ伸びている事とかよくあります。なので、今回っていなくても良いリールであれば後から回っていくので気にしなくてOKです。\n③ リサーチをしっかりする\nと言ってもできる事はやっていきたいので、自分と同じレベル感のアカウントをとにかく見まくってください。伸びない状況の中でも、伸びてるリールってあるんで、何が今伸びやすいのか、をしっかり見てください。\n④ Threadsを頑張る\nインスタが伸びないならThreadsを伸ばせば良いじゃん！って考えです。しっかり伸びますから。こういう時期に焦って色々施策打っても無理なんで、だったらしばらく様子みつつThreads頑張っちゃおうぜぃ♪\nhttps://www.threads.com/@sugisan_insta_/post/DPpQjKkk6JU?xmt=AQF0ZDh-HizYAQtNBLxvjQ9yx-g6X2usTXtAY8b6MDHyYA"
2025-10-10T09:00:00.000Z,2025-10-10,09:00,(金),自己開示/マインド,3555,69,0.0194,914,6,"「ママ起業」なんて甘い事言ってんな","「ママ起業」なんて甘い事言ってんな\nってよく見かけますが、私はママの起業をサポートしています。それは、私自身が「ママとして」起業をしてきて、ママに向けて一番価値を提供できるから。ママって、最初の一歩と継続の壁がめちゃくちゃ高いんです。私がそれを経験していて、できる事って山ほどあったはずなのになかなか最初の一歩が踏み出せなかったからわかる。どうしても身体も気持ちも拘束されがちだから。\nでも課題があるのは別にママだけじゃない。パパが会社員やめて起業するなんてたぶんママよりハードル高いし、独身の時には「まずは会社員をやって力をつけるべき」とか逆に「独身だから余裕あっていいよね」なんて頑張ることを邪魔する周りの声もあるでしょう。でも例えば私は独身男性の気持ちとかわからないから、マインド部分のサポートはできないからママをサポートする。それはマーケ的に当たり前。だからママにだけ注目する必要ってないはずなのに、インスタってママが多いし、ママって「弱者」として取り扱われるし、ママ自身も自分をそう捉えて発言するひとが多いから批判の的になるんですよね。でもね、\n一旦ビジネスの場に出てしまったら、もう独身だろうと男性・女性だろうと一切関係ないんですよね。だからこそママ達が「弱者とみられるママ起業」というものから抜け出して、しっかりと他の起業家と肩を並べて同じレベル感で活躍できる様にするのが私が目指すところですし、自分は「ママ」と表に出していても超対等でいるつもりです。つまりね、ママだからってお得な事は何もないんすよ。インスタにおいては若干ある気もしますが、でも起業においては逆に難易度あがりますから。\n「ママ起業」って言葉は好きじゃないですが、でもあえて使うとしたら、それは「ママだから大目に見て」ではなくて「ママが起業とかくっそ茨の道だけどやってやるから見てろよ」という言葉が隠れていると思ってください。\nhttps://www.threads.com/@sugisan_insta_/post/DPp_Jy3EysY?xmt=AQF0ZDh-HizYAQtNBLxvjQ9yx-g6X2usTXtAY8b6MDHyYA"
2025-10-12T09:00:00.000Z,2025-10-12,09:00,(日),アルゴリズム/仕様,10000,99,0.0099,1060,17,"【最新】リールのルールが変わりました。インスタCEO直伝の最新のリールを伸ばすポイントを教えます。2025年残りの2か月半でしっかり伸ばしていきたいひとは必見です。","【最新】リールのルールが変わりました。インスタCEO直伝の最新のリールを伸ばすポイントを教えます。2025年残りの2か月半でしっかり伸ばしていきたいひとは必見です。\nまず、CEOのアダムさんが言っていたのは「グループやパターンごとに分けてリールを出しましょう。そしてそれぞれの数値の結果を見ていきましょう」という事。でもよくわからないですよね。これ頭で考えてすぐできるものではないんだけど、ちょっと頭の片隅に入れて運用していくだけで、運用レベルが100段階上がるので保存して読み返し、身体にしみこませてください。4ステップで解説していきます。\n【STEP1】コンセプトを決める\nやり方は固定ポストから受け取れる「コンセプト設計徹底解説」を見てもらえればわかりますが、誰をどんなゴールに連れていくのかを明確にしてください。例えば私の場合「インスタ運用を始めたばかりのひとが0→1達成をする」がざっくりとしたコンセプトです。\n【STEP2】要素分解をする\nゴールに連れていくために必要な要素を洗い出してください。例えば運用初心者がゼロイチを達成するためには\n・マインドや環境整理\n・設計\n・インスタ運用\n・集客\nこれが要素になり、これらをクリアしていけばゴールに到達できるよね、というい事です。この要素が「グループ」です。このグループに沿った内容だけを投稿していく事でターゲットが絞られ、アカウントの一貫性が保たれていきます。 \n【STEP3】色々なパターンで発信をする\n例えば「アフレコリールかトークリールか」もパターンだし「冒頭で惹きつけるのか映像で惹きつけるのか」や「ネガティブ訴求かポジティブ訴求か」これも異なるパターンです。つまり、色々な投稿の種類や見せ方を試していくんです。\n【STEP4】数値を見る\nそれぞれのグループとパターンをかけ合わせながら投稿していく中で、再生数が伸びた投稿、やたらいいねがついた投稿、シェアがたくさんついた投稿など、特徴が見てくる様になります。例えば「マインド×アフレコ」は再生数が伸びやすいとか、「ノウハウ×強い問題提起」はフォロー率が良いとか。あとはそれを元に投稿を継続しながらこれを繰り返す。\nこれがCEO直伝のリールを伸ばす方法です！ \nhttps://www.threads.com/@sugisan_insta_/post/DPrz_-HEx9g?xmt=AQF0ZrWcEB0-F6r8Tc2tLvPp1xsrycQamkYqDLyBQHuWvA"
2025-10-13T09:00:00.000Z,2025-10-13,09:00,(月),アルゴリズム/仕様,4982,139,0.0279,395,10,"ワンオペは悪","ワンオペは悪\n子どもいてスマホは悪\n寝ずに頑張るは悪\n週末に仕事は悪\nえ？誰が決めたん？\n「幸せの定義はこれだよ！」みたいな定義づけをしている自称「寄り添ってます」って方々が、わざわざ頑張っている人達に罪悪感を植え付けて、動きづらくしている事に気づいた方が良い。\nいいかい、思い切り頑張ればいいんだよ。環境をできる限り調整しつつ、今できる最大限を頑張ればいいんだよ。時には罪悪感に苛まれる時もあるけど、何かを成しえるにはそれが必要な時もあるから。みんなそうして進んでいるから。やりきって大丈夫。\n自分の幸せは自分で決める。\n誰かの言葉に定義されてはダメです。\nhttps://www.threads.com/@sugisan_insta_/post/DPu4JW6E1G2?xmt=AQF0kBlIv-cP2H3D7LNZg1Qe32dOs-on_MJxS1yQMPighQ"
2025-10-13T09:00:00.000Z,2025-10-13,09:00,(月),その他,5189,24,0.0046,326,4,"私の臨時アカウントのなりすましがいまだに暴走してます。毎日の様に報告をいただきます。本当にごめんなさい🙇‍♀️","私の臨時アカウントのなりすましがいまだに暴走してます。毎日の様に報告をいただきます。本当にごめんなさい🙇‍♀️\nしかもやり方がうまくて、アカウントなくなった時のためにグルチャ始めました！みないな、ちゃんと今の環境に合わせたやつやってくるらしい。本当にお気をつけください。私から皆さんに個別でDMする事はないです。\nhttps://www.threads.com/@shino.branding8118/post/DPtQzM-iVPo\nhttps://www.threads.com/@sugisan_insta_/post/DPvLqX-E_d3?xmt=AQF03djkXRKNxNzC1Ydubiddf9jp4eSsOpdAy3cDFtStMw"
2025-10-14T09:00:00.000Z,2025-10-14,09:00,(火),ストーリーズ/フィード,7096,47,0.0066,359,14,"フォロワー1万人で売上0円だった時の","フォロワー1万人で売上0円だった時の\nミスった行動10選⇩⇩⇩⇩ \n① フォロワー伸ばしが目標の講座で勉強\n② 「万アカになったらマネタイズ♬」が口癖\n③ リールにばかり力入れてストーリー手抜き\n④ バズらせる事が快感\n⑤ 毎日投稿をする事にこだわる\n⑥ やたら発信者ママ会に行く\n⑦ お洒落なアカウントを目指す\n⑧ スレッズはただのメモ帳替わり\n⑨ 表では「できてる自分」だけを見せる　\n⑩ 裏では不安で無料のセミナー渡り歩く\n全部やめたらフォロワーも増えて売上もあがりました！\nhttps://www.threads.com/@sugisan_insta_/post/DPxsqtuEyrC?xmt=AQF03djkXRKNxNzC1Ydubiddf9jp4eSsOpdAy3cDFtStMw"
2025-10-15T09:00:00.000Z,2025-10-15,09:00,(水),リール/動画,9824,94,0.0096,1221,13,"2026年にはあなたのアカウント消えてます。必死に伸びてるリール真似したら二番煎じになる。だから差別化しようとキャラを強めても、冒頭で演技してみても、編集凝ってみても伸びないですよね。だって本当はそこじゃないって気づいてますよね。でも考えるの面倒だから放置してません？それじゃあこのまま伸びず売れずの沼にハマっていき、どこかで諦めて半年後とかには諦めてます。「あの発信者消えたよね」と言われたくないひとは、ちょっと面倒でもこれから言う5つの項目を見直してください。こういうのは結局1％のひとしか本気で取り組まないので取り組めば勝ちです。ではいきます！","2026年にはあなたのアカウント消えてます。必死に伸びてるリール真似したら二番煎じになる。だから差別化しようとキャラを強めても、冒頭で演技してみても、編集凝ってみても伸びないですよね。だって本当はそこじゃないって気づいてますよね。でも考えるの面倒だから放置してません？それじゃあこのまま伸びず売れずの沼にハマっていき、どこかで諦めて半年後とかには諦めてます。「あの発信者消えたよね」と言われたくないひとは、ちょっと面倒でもこれから言う5つの項目を見直してください。こういうのは結局1％のひとしか本気で取り組まないので取り組めば勝ちです。ではいきます！ \n① ジャンルを明確にする\n差別化をしようとしてジャンルをごちゃごちゃさせちゃうひと、やたらニッチなところにいこうとするひといますけど逆です。いかに明確に、クリアにできるかが大事です。ジャンルでの差別化は不要です。\n② スタートとゴールを明確にする\nみなさんが発信で誰を、どんな状態から、どんなゴールに連れていくのかを明確に決めましょう。例えば「ダイエットで5kg痩せて健康体になる」なのか「10kg痩せてモデル体型になる」なのかで同じジャンルでも発信内容は微妙に変わってきます。このやり方は固定ポストで徹底的に解説しています。\n③ 要素分解をする\nゴールが決まったら、スタートからゴールまでの必要な要素を分解してください。例えばダイエットであれば、食事制限・生活習慣の改善・マインド等が出てくると思います。ゴールやダイエット方法によっては「運動」が入ってきたり「姿勢改善」等も入ってくるかもしれません。この要素がまさに自分の軸となり差別化になっていきます。 \n④ ターゲット＆コンセプトを尖らせる\nそこまで決まったら、ターゲットを明確にしてコンセプトに落とし込みましょう。同じダイエットでも30代向けなのか50代向けなのか、女性向け男性向けなのか、短期間で結果を出すのか長期間で結果を出すのか等、小さな違いが差別化になります。需要はある、でも他にはない、そんな小さなポイントをひとつでも見つけてください。\n⑤ それをひたすら発信し続ける\nあとはこのコンセプトに沿ってひたすら発信です。この①～④で決めた事を、いかに発信に載せられるかが大事で、思っているより伝わっていないので埋もれています。今の10倍、自分の想いや軸を表に出して発信してください。それがしっかり伝わると、究極の差別化になっていきますよ！\n大前提必要な情報は全て固定ポストと日々の発信で解説しています。それ1つづつやっていけば「消える発信者」から「見られ続ける発信者」になっていけますよ！ \nhttps://www.threads.com/@sugisan_insta_/post/DPzwbIzkzq4?xmt=AQF0lDoQF-0ZjNkU_jaVG2nSaNMWimErhospR_bPqlezXw"
2025-10-15T09:00:00.000Z,2025-10-15,09:00,(水),その他,13000,105,0.0081,366,2,"私はよくモリベユリさんやひかるさんと「競合」として見られるんですが(そしてそれは大変光栄な事なのですが)、実はそれぞれバチバチに競合ではないのですよ。少なくとも私はその認識です。思っているよりも顧客は被らないし、または心地よく被るのです(たぶんね。違ったらすみません)。だからこそ私はこの発信だしこの打ち出し方なのです。ここを理解する事ができるあなたはそれを自分のジャンルに持ち帰り、競合になりえる発信者を並べてみて、どんなひとがクライアントさんになるのかをそれぞれで考えてみると良いですよ。色々な事が見えてきます。","私はよくモリベユリさんやひかるさんと「競合」として見られるんですが(そしてそれは大変光栄な事なのですが)、実はそれぞれバチバチに競合ではないのですよ。少なくとも私はその認識です。思っているよりも顧客は被らないし、または心地よく被るのです(たぶんね。違ったらすみません)。だからこそ私はこの発信だしこの打ち出し方なのです。ここを理解する事ができるあなたはそれを自分のジャンルに持ち帰り、競合になりえる発信者を並べてみて、どんなひとがクライアントさんになるのかをそれぞれで考えてみると良いですよ。色々な事が見えてきます。\nhttps://www.threads.com/@sugisan_insta_/post/DP0z63gEaAI?xmt=AQF0lDoQF-0ZjNkU_jaVG2nSaNMWimErhospR_bPqlezXw"